{"cameraMode":{"drawMode":0,"name":"Shaded","section":"Shading Mode"},"sceneLighting":true,"audioPlay":false,"sceneViewState":{"showFog":true,"showMaterialUpdate":true,"showSkybox":true,"showFlares":true,"showImageEffects":true,"showParticleSystems":true},"in2DMode":false,"pivot":{"x":0.9459104537963867,"y":3.668264389038086,"z":-2.3936424255371095},"rotation":{"x":-0.04736576974391937,"y":0.9301656484603882,"z":-0.12947747111320496,"w":-0.34027397632598879},"size":10.876068115234375,"orthographic":false}