{"cameraMode":{"drawMode":0,"name":"Shaded","section":"Shading Mode"},"sceneLighting":true,"audioPlay":false,"sceneViewState":{"showFog":true,"showMaterialUpdate":true,"showSkybox":true,"showFlares":true,"showImageEffects":true,"showParticleSystems":true},"in2DMode":false,"pivot":{"x":-0.4638538360595703,"y":2.9498891830444338,"z":-1.1932449340820313},"rotation":{"x":-0.055431850254535678,"y":0.9184882044792175,"z":-0.1391068547964096,"w":-0.36600300669670107},"size":10.0,"orthographic":false}